id,credit_id,collection_date,collection_amount,collection_fee
1,46,2019-09-05,7428055.555555556,250000
2,46,2019-10-05,14856111.111111112,150000
3,46,2019-11-05,22284166.666666668,100000
4,67,2019-09-05,11083333.333333332,300000
5,67,2019-10-05,22166666.666666664,100000
6,67,2019-11-05,33249999.999999996,200000
7,70,2019-09-05,6768333.333333333,200000
8,70,2019-10-05,13536666.666666666,250000
9,70,2019-11-05,20305000.0,200000
10,76,2019-09-05,2506666.6666666665,100000
11,76,2019-10-05,5013333.333333333,300000
12,76,2019-11-05,7520000.0,150000
13,94,2019-09-05,14600000.0,250000
14,94,2019-10-05,29200000.0,150000
15,94,2019-11-05,43800000.0,100000
16,99,2017-07-05,62363333.333333336,250000
17,99,2017-08-05,124726666.66666667,250000
18,99,2017-09-05,187090000.0,100000
19,103,2019-09-05,20533333.333333336,150000
20,103,2019-10-05,41066666.66666667,250000
21,103,2019-11-05,61600000.00000001,200000
22,114,2019-09-05,9280555.555555556,200000
23,114,2019-10-05,18561111.111111112,100000
24,114,2019-11-05,27841666.666666668,150000
25,117,2019-09-05,13775000.0,100000
26,117,2019-10-05,27550000.0,300000
27,117,2019-11-05,41325000.0,150000
28,132,2019-09-05,8063333.333333333,100000
29,132,2019-10-05,16126666.666666666,300000
30,132,2019-11-05,24190000.0,300000
31,135,2019-09-05,12040000.0,100000
32,135,2019-10-05,24080000.0,100000
33,135,2019-11-05,36120000.0,250000
34,165,2019-09-05,33735000.0,200000
35,165,2019-10-05,67470000.0,100000
36,165,2019-11-05,101205000.0,200000
37,180,2017-07-05,20725833.333333332,200000
38,180,2017-08-05,41451666.666666664,150000
39,180,2017-09-05,62177500.0,300000
40,233,2019-09-05,14440000.0,100000
41,233,2019-10-05,28880000.0,250000
42,233,2019-11-05,43320000.0,200000
43,265,2019-09-05,17908333.333333332,250000
44,265,2019-10-05,35816666.666666664,200000
45,265,2019-11-05,53725000.0,300000
46,268,2019-09-05,721111.1111111111,300000
47,268,2019-10-05,1442222.2222222222,250000
48,268,2019-11-05,2163333.3333333335,100000
49,270,2019-09-05,15045000.0,150000
50,270,2019-10-05,30090000.0,250000
51,270,2019-11-05,45135000.0,250000
52,292,2019-01-05,6612500.0,300000
53,292,2019-02-05,13225000.0,150000
54,292,2019-03-05,19837500.0,250000
55,303,2018-11-05,19350000.0,250000
56,303,2018-12-05,38700000.0,100000
57,303,2019-01-05,58050000.0,300000
58,307,2019-09-05,39361666.666666664,100000
59,307,2019-10-05,78723333.33333333,250000
60,307,2019-11-05,118085000.0,100000
61,318,2018-05-05,16626666.666666668,250000
62,318,2018-06-05,33253333.333333336,200000
63,318,2018-07-05,49880000.0,300000
64,329,2019-09-05,6516666.666666667,200000
65,329,2019-10-05,13033333.333333334,200000
66,329,2019-11-05,19550000.0,200000
67,333,2019-09-05,66004166.66666667,250000
68,333,2019-10-05,132008333.33333334,150000
69,333,2019-11-05,198012500.0,150000
70,337,2019-01-05,13464166.666666668,100000
71,337,2019-02-05,26928333.333333336,200000
72,337,2019-03-05,40392500.0,250000
73,342,2019-09-05,27000000.0,100000
74,342,2019-10-05,54000000.0,250000
75,342,2019-11-05,81000000.0,300000
76,354,2019-09-05,5117222.222222222,100000
77,354,2019-10-05,10234444.444444444,100000
78,354,2019-11-05,15351666.666666666,150000
79,365,2019-09-05,8872500.0,250000
80,365,2019-10-05,17745000.0,150000
81,365,2019-11-05,26617500.0,150000
82,382,2018-07-05,39785000.0,300000
83,382,2018-08-05,79570000.0,300000
84,382,2018-09-05,119355000.0,150000
85,385,2019-09-05,11582500.0,200000
86,385,2019-10-05,23165000.0,300000
87,385,2019-11-05,34747500.0,300000
88,390,2019-07-05,87450000.0,250000
89,390,2019-08-05,174900000.0,150000
90,390,2019-09-05,262350000.0,200000
91,403,2019-09-05,30525000.0,250000
92,403,2019-10-05,61050000.0,150000
93,403,2019-11-05,91575000.0,300000
94,407,2018-09-05,22520833.333333332,150000
95,407,2018-10-05,45041666.666666664,250000
96,407,2018-11-05,67562500.0,100000
97,451,2019-09-05,16985833.333333336,150000
98,451,2019-10-05,33971666.66666667,150000
99,451,2019-11-05,50957500.00000001,100000
100,452,2019-09-05,9444722.222222222,100000
101,452,2019-10-05,18889444.444444444,150000
102,452,2019-11-05,28334166.666666664,150000
103,457,2019-09-05,3140277.7777777775,300000
104,457,2019-10-05,6280555.555555555,200000
105,457,2019-11-05,9420833.333333332,100000
106,460,2019-05-05,28220000.0,300000
107,460,2019-06-05,56440000.0,200000
108,460,2019-07-05,84660000.0,250000
109,475,2019-09-05,9038333.333333334,200000
110,475,2019-10-05,18076666.666666668,200000
111,475,2019-11-05,27115000.0,300000
112,485,2019-09-05,19422222.22222222,300000
113,485,2019-10-05,38844444.44444444,100000
114,485,2019-11-05,58266666.66666666,300000
115,486,2019-09-05,24115000.0,100000
116,486,2019-10-05,48230000.0,300000
117,486,2019-11-05,72345000.0,250000
118,491,2019-09-05,35000000.0,250000
119,491,2019-10-05,70000000.0,100000
120,491,2019-11-05,105000000.0,300000
121,507,2019-09-05,22107500.0,200000
122,507,2019-10-05,44215000.0,100000
123,507,2019-11-05,66322500.0,300000
124,524,2019-09-05,8161111.111111111,200000
125,524,2019-10-05,16322222.222222222,200000
126,524,2019-11-05,24483333.333333332,200000
127,531,2019-09-05,73260000.0,250000
128,531,2019-10-05,146520000.0,250000
129,531,2019-11-05,219780000.0,100000
130,535,2019-09-05,13658333.333333332,200000
131,535,2019-10-05,27316666.666666664,300000
132,535,2019-11-05,40975000.0,150000
133,542,2019-07-05,16125000.0,100000
134,542,2019-08-05,32250000.0,250000
135,542,2019-09-05,48375000.0,250000
136,546,2019-09-05,4533333.333333334,100000
137,546,2019-10-05,9066666.666666668,100000
138,546,2019-11-05,13600000.000000002,250000
139,553,2019-09-05,18860000.0,150000
140,553,2019-10-05,37720000.0,250000
141,553,2019-11-05,56580000.0,150000
142,574,2019-05-05,39726666.666666664,200000
143,574,2019-06-05,79453333.33333333,300000
144,574,2019-07-05,119180000.0,100000
145,588,2019-01-05,14155000.0,100000
146,588,2019-02-05,28310000.0,250000
147,588,2019-03-05,42465000.0,150000
148,593,2019-09-05,11158611.111111112,300000
149,593,2019-10-05,22317222.222222224,250000
150,593,2019-11-05,33475833.333333336,300000
151,602,2019-09-05,14722500.0,150000
152,602,2019-10-05,29445000.0,250000
153,602,2019-11-05,44167500.0,300000
154,621,2019-07-05,59041666.666666664,100000
155,621,2019-08-05,118083333.33333333,200000
156,621,2019-09-05,177125000.0,200000
157,624,2019-09-05,8501944.444444444,100000
158,624,2019-10-05,17003888.888888888,100000
159,624,2019-11-05,25505833.333333332,300000
160,632,2019-09-05,883333.3333333334,250000
161,632,2019-10-05,1766666.6666666667,100000
162,632,2019-11-05,2650000.0,100000
163,636,2019-03-05,10005000.0,100000
164,636,2019-04-05,20010000.0,300000
165,636,2019-05-05,30015000.0,300000
166,653,2019-09-05,21065000.0,250000
167,653,2019-10-05,42130000.0,150000
168,653,2019-11-05,63195000.0,250000
169,654,2019-05-05,45041666.666666664,300000
170,654,2019-06-05,90083333.33333333,100000
171,654,2019-07-05,135125000.0,200000
172,661,2019-09-05,10935555.555555556,300000
173,661,2019-10-05,21871111.111111112,100000
174,661,2019-11-05,32806666.666666668,150000
175,663,2019-09-05,17306666.666666664,100000
176,663,2019-10-05,34613333.33333333,300000
177,663,2019-11-05,51919999.99999999,250000
178,680,2019-09-05,7440000.0,300000
179,680,2019-10-05,14880000.0,250000
180,680,2019-11-05,22320000.0,250000
181,686,2019-09-05,3181944.4444444445,300000
182,686,2019-10-05,6363888.888888889,250000
183,686,2019-11-05,9545833.333333334,200000
184,691,2019-09-05,23733333.333333336,150000
185,691,2019-10-05,47466666.66666667,300000
186,691,2019-11-05,71200000.0,300000
187,698,2019-07-05,32608333.333333332,300000
188,698,2019-08-05,65216666.666666664,250000
189,698,2019-09-05,97825000.0,150000
190,703,2018-05-05,16317500.0,300000
191,703,2018-06-05,32635000.0,150000
192,703,2018-07-05,48952500.0,300000
193,714,2019-03-05,4860000.0,100000
194,714,2019-04-05,9720000.0,250000
195,714,2019-05-05,14580000.0,150000
196,727,2019-09-05,14100000.0,200000
197,727,2019-10-05,28200000.0,250000
198,727,2019-11-05,42300000.0,300000
199,743,2019-09-05,5445000.0,300000
200,743,2019-10-05,10890000.0,100000
201,743,2019-11-05,16335000.0,300000
202,745,2019-09-05,3923333.333333333,250000
203,745,2019-10-05,7846666.666666666,200000
204,745,2019-11-05,11770000.0,150000
205,779,2019-05-05,2250000.0,150000
206,779,2019-06-05,4500000.0,150000
207,779,2019-07-05,6750000.0,250000
208,806,2019-05-05,18200000.0,300000
209,806,2019-06-05,36400000.0,100000
210,806,2019-07-05,54600000.0,300000
211,815,2019-09-05,67773333.33333333,200000
212,815,2019-10-05,135546666.66666666,150000
213,815,2019-11-05,203320000.0,300000
214,833,2019-09-05,3570000.0,250000
215,833,2019-10-05,7140000.0,300000
216,833,2019-11-05,10710000.0,100000
217,846,2019-09-05,11295277.777777778,100000
218,846,2019-10-05,22590555.555555556,250000
219,846,2019-11-05,33885833.333333336,250000
220,853,2019-09-05,24937500.0,150000
221,853,2019-10-05,49875000.0,300000
222,853,2019-11-05,74812500.0,100000
223,856,2019-09-05,8260000.0,100000
224,856,2019-10-05,16520000.0,300000
225,856,2019-11-05,24780000.0,100000
226,865,2019-09-05,22885000.0,150000
227,865,2019-10-05,45770000.0,150000
228,865,2019-11-05,68655000.0,150000
229,876,2019-09-05,19267500.0,200000
230,876,2019-10-05,38535000.0,300000
231,876,2019-11-05,57802500.0,300000
232,882,2019-09-05,42480000.0,100000
233,882,2019-10-05,84960000.0,100000
234,882,2019-11-05,127440000.0,300000
235,903,2019-09-05,2100000.0,250000
236,903,2019-10-05,4200000.0,150000
237,903,2019-11-05,6300000.0,100000
238,914,2019-09-05,9353611.111111112,150000
239,914,2019-10-05,18707222.222222224,250000
240,914,2019-11-05,28060833.333333336,150000
241,934,2019-09-05,990000.0,300000
242,934,2019-10-05,1980000.0,150000
243,934,2019-11-05,2970000.0,200000
244,945,2019-03-05,79536666.66666666,200000
245,945,2019-04-05,159073333.3333333,150000
246,945,2019-05-05,238609999.99999997,300000
247,960,2019-09-05,1430000.0,250000
248,960,2019-10-05,2860000.0,100000
249,960,2019-11-05,4290000.0,100000
250,971,2019-01-05,11780000.0,250000
251,971,2019-02-05,23560000.0,250000
252,971,2019-03-05,35340000.0,300000
253,988,2019-09-05,1841666.6666666667,100000
254,988,2019-10-05,3683333.3333333335,250000
255,988,2019-11-05,5525000.0,250000
256,1000,2019-09-05,1469444.4444444445,100000
257,1000,2019-10-05,2938888.888888889,300000
258,1000,2019-11-05,4408333.333333334,300000
259,1012,2018-09-05,10511666.666666668,150000
260,1012,2018-10-05,21023333.333333336,200000
261,1012,2018-11-05,31535000.000000004,100000
262,1018,2019-09-05,13364444.444444444,300000
263,1018,2019-10-05,26728888.888888888,300000
264,1018,2019-11-05,40093333.33333333,150000
265,1028,2019-07-05,65142500.0,150000
266,1028,2019-08-05,130285000.0,100000
267,1028,2019-09-05,195427500.0,300000
268,1039,2019-09-05,8133888.888888889,100000
269,1039,2019-10-05,16267777.777777778,150000
270,1039,2019-11-05,24401666.666666668,100000
271,1052,2019-09-05,15028333.333333334,200000
272,1052,2019-10-05,30056666.666666668,300000
273,1052,2019-11-05,45085000.0,100000
274,1057,2019-09-05,62716666.666666664,100000
275,1057,2019-10-05,125433333.33333333,200000
276,1057,2019-11-05,188150000.0,100000
277,1058,2019-09-05,22850000.0,200000
278,1058,2019-10-05,45700000.0,100000
279,1058,2019-11-05,68550000.0,100000
280,1069,2019-09-05,3127500.0,200000
281,1069,2019-10-05,6255000.0,100000
282,1069,2019-11-05,9382500.0,250000
283,1071,2019-09-05,2205000.0,300000
284,1071,2019-10-05,4410000.0,300000
285,1071,2019-11-05,6615000.0,100000
286,1085,2019-09-05,18578333.333333336,250000
287,1085,2019-10-05,37156666.66666667,300000
288,1085,2019-11-05,55735000.00000001,200000
289,1107,2018-11-05,68897500.0,250000
290,1107,2018-12-05,137795000.0,300000
291,1107,2019-01-05,206692500.0,300000
292,1143,2019-09-05,2200000.0,200000
293,1143,2019-10-05,4400000.0,150000
294,1143,2019-11-05,6600000.0,250000
295,1154,2019-09-05,6927777.777777778,150000
296,1154,2019-10-05,13855555.555555556,100000
297,1154,2019-11-05,20783333.333333336,100000
298,1159,2019-07-05,50703333.333333336,250000
299,1159,2019-08-05,101406666.66666667,200000
300,1159,2019-09-05,152110000.0,200000
301,1178,2019-09-05,8690000.0,200000
302,1178,2019-10-05,17380000.0,200000
303,1178,2019-11-05,26070000.0,100000
304,1183,2019-09-05,25519166.666666664,200000
305,1183,2019-10-05,51038333.33333333,150000
306,1183,2019-11-05,76557500.0,200000
307,1188,2019-09-05,8227222.222222222,200000
308,1188,2019-10-05,16454444.444444444,150000
309,1188,2019-11-05,24681666.666666664,300000
310,1205,2018-09-05,13410000.0,200000
311,1205,2018-10-05,26820000.0,150000
312,1205,2018-11-05,40230000.0,100000
313,1212,2019-09-05,1092500.0,300000
314,1212,2019-10-05,2185000.0,200000
315,1212,2019-11-05,3277500.0,150000
316,1222,2019-09-05,38514166.66666667,150000
317,1222,2019-10-05,77028333.33333334,100000
318,1222,2019-11-05,115542500.00000001,150000
319,1234,2019-03-05,80913333.33333333,300000
320,1234,2019-04-05,161826666.66666666,300000
321,1234,2019-05-05,242740000.0,300000
322,1246,2019-09-05,15192222.222222224,100000
323,1246,2019-10-05,30384444.444444448,200000
324,1246,2019-11-05,45576666.66666667,150000
325,1254,2019-09-05,42873333.333333336,200000
326,1254,2019-10-05,85746666.66666667,100000
327,1254,2019-11-05,128620000.0,300000
328,1255,2019-09-05,25135000.0,200000
329,1255,2019-10-05,50270000.0,300000
330,1255,2019-11-05,75405000.0,200000
331,1263,2019-07-05,10472500.0,250000
332,1263,2019-08-05,20945000.0,250000
333,1263,2019-09-05,31417500.0,200000
334,1267,2019-09-05,2520000.0,150000
335,1267,2019-10-05,5040000.0,200000
336,1267,2019-11-05,7560000.0,250000
337,1275,2018-01-05,16387500.0,250000
338,1275,2018-02-05,32775000.0,100000
339,1275,2018-03-05,49162500.0,300000
340,1281,2019-09-05,8424444.444444444,150000
341,1281,2019-10-05,16848888.888888888,300000
342,1281,2019-11-05,25273333.333333332,200000
343,1312,2019-09-05,66500000.0,300000
344,1312,2019-10-05,133000000.0,100000
345,1312,2019-11-05,199500000.0,300000
346,1314,2019-03-05,2637500.0,300000
347,1314,2019-04-05,5275000.0,100000
348,1314,2019-05-05,7912500.0,150000
349,1318,2019-09-05,34841666.666666664,300000
350,1318,2019-10-05,69683333.33333333,200000
351,1318,2019-11-05,104525000.0,300000
352,1342,2019-09-05,26880000.0,300000
353,1342,2019-10-05,53760000.0,250000
354,1342,2019-11-05,80640000.0,250000
355,1345,2019-09-05,7058333.333333333,100000
356,1345,2019-10-05,14116666.666666666,150000
357,1345,2019-11-05,21175000.0,150000
358,1353,2019-09-05,14990555.555555556,200000
359,1353,2019-10-05,29981111.111111112,150000
360,1353,2019-11-05,44971666.66666667,200000
361,1366,2019-09-05,9391666.666666668,100000
362,1366,2019-10-05,18783333.333333336,300000
363,1366,2019-11-05,28175000.000000004,200000
364,1371,2019-07-05,9765000.0,150000
365,1371,2019-08-05,19530000.0,300000
366,1371,2019-09-05,29295000.0,100000
367,1374,2019-09-05,11352500.0,250000
368,1374,2019-10-05,22705000.0,300000
369,1374,2019-11-05,34057500.0,300000
370,1389,2019-09-05,45528333.333333336,150000
371,1389,2019-10-05,91056666.66666667,300000
372,1389,2019-11-05,136585000.0,200000
373,1397,2019-09-05,11635555.555555556,150000
374,1397,2019-10-05,23271111.111111112,300000
375,1397,2019-11-05,34906666.66666667,100000
376,1402,2019-03-05,1970833.3333333333,150000
377,1402,2019-04-05,3941666.6666666665,100000
378,1402,2019-05-05,5912500.0,150000
379,1407,2017-07-05,5830000.0,250000
380,1407,2017-08-05,11660000.0,150000
381,1407,2017-09-05,17490000.0,200000
382,1412,2018-07-05,49640000.0,300000
383,1412,2018-08-05,99280000.0,200000
384,1412,2018-09-05,148920000.0,150000
385,1415,2017-07-05,19345000.0,200000
386,1415,2017-08-05,38690000.0,250000
387,1415,2017-09-05,58035000.0,200000
388,1419,2019-09-05,2488888.888888889,150000
389,1419,2019-10-05,4977777.777777778,200000
390,1419,2019-11-05,7466666.666666667,250000
391,1433,2019-09-05,37362500.0,150000
392,1433,2019-10-05,74725000.0,200000
393,1433,2019-11-05,112087500.0,150000
394,1437,2019-07-05,53643333.333333336,300000
395,1437,2019-08-05,107286666.66666667,150000
396,1437,2019-09-05,160930000.0,150000
397,1438,2019-09-05,37200000.0,300000
398,1438,2019-10-05,74400000.0,300000
399,1438,2019-11-05,111600000.0,250000
400,1450,2019-09-05,3029444.4444444445,250000
401,1450,2019-10-05,6058888.888888889,150000
402,1450,2019-11-05,9088333.333333334,250000
403,1507,2018-07-05,32608333.333333332,250000
404,1507,2018-08-05,65216666.666666664,200000
405,1507,2018-09-05,97825000.0,150000
406,1514,2019-09-05,7093333.333333333,100000
407,1514,2019-10-05,14186666.666666666,100000
408,1514,2019-11-05,21280000.0,150000
409,1516,2019-09-05,24746666.666666664,150000
410,1516,2019-10-05,49493333.33333333,100000
411,1516,2019-11-05,74240000.0,250000
412,1518,2019-05-05,17400000.0,300000
413,1518,2019-06-05,34800000.0,200000
414,1518,2019-07-05,52200000.0,100000
415,1529,2019-03-05,89283333.33333334,100000
416,1529,2019-04-05,178566666.6666667,250000
417,1529,2019-05-05,267850000.00000003,100000
418,1540,2019-09-05,46800000.0,200000
419,1540,2019-10-05,93600000.0,100000
420,1540,2019-11-05,140400000.0,250000
421,1551,2018-11-05,90383333.33333334,300000
422,1551,2018-12-05,180766666.6666667,100000
423,1551,2019-01-05,271150000.0,250000
424,1553,2018-03-05,9405000.0,200000
425,1553,2018-04-05,18810000.0,250000
426,1553,2018-05-05,28215000.0,100000
427,1555,2019-07-05,13666666.666666668,100000
428,1555,2019-08-05,27333333.333333336,100000
429,1555,2019-09-05,41000000.0,250000
430,1566,2019-09-05,18366666.666666664,200000
431,1566,2019-10-05,36733333.33333333,200000
432,1566,2019-11-05,55099999.99999999,150000
433,1585,2019-09-05,24150000.0,150000
434,1585,2019-10-05,48300000.0,150000
435,1585,2019-11-05,72450000.0,150000
436,1598,2019-09-05,16385000.0,250000
437,1598,2019-10-05,32770000.0,300000
438,1598,2019-11-05,49155000.0,200000
439,1600,2019-09-05,13130555.555555556,300000
440,1600,2019-10-05,26261111.111111112,150000
441,1600,2019-11-05,39391666.66666667,200000
442,1601,2019-09-05,14330555.555555556,150000
443,1601,2019-10-05,28661111.111111112,200000
444,1601,2019-11-05,42991666.66666667,300000
445,1605,2019-07-05,74727500.0,100000
446,1605,2019-08-05,149455000.0,200000
447,1605,2019-09-05,224182500.0,200000
448,1614,2019-09-05,10993888.888888888,150000
449,1614,2019-10-05,21987777.777777776,200000
450,1614,2019-11-05,32981666.666666664,150000
451,1623,2019-09-05,1202500.0,300000
452,1623,2019-10-05,2405000.0,250000
453,1623,2019-11-05,3607500.0,300000
454,1646,2019-09-05,900000.0,200000
455,1646,2019-10-05,1800000.0,100000
456,1646,2019-11-05,2700000.0,300000
457,1654,2018-11-05,17765000.0,150000
458,1654,2018-12-05,35530000.0,100000
459,1654,2019-01-05,53295000.0,100000
460,1655,2019-09-05,2364444.4444444445,150000
461,1655,2019-10-05,4728888.888888889,200000
462,1655,2019-11-05,7093333.333333334,200000
463,1669,2019-07-05,68870000.0,100000
464,1669,2019-08-05,137740000.0,100000
465,1669,2019-09-05,206610000.0,250000
466,1673,2018-09-05,24196666.666666664,150000
467,1673,2018-10-05,48393333.33333333,100000
468,1673,2018-11-05,72590000.0,150000
469,1681,2019-09-05,83957500.0,100000
470,1681,2019-10-05,167915000.0,250000
471,1681,2019-11-05,251872500.0,150000
472,1683,2019-09-05,27370000.0,250000
473,1683,2019-10-05,54740000.0,200000
474,1683,2019-11-05,82110000.0,150000
475,1703,2019-01-05,27500000.0,150000
476,1703,2019-02-05,55000000.0,150000
477,1703,2019-03-05,82500000.0,150000
478,1708,2019-09-05,8613333.333333332,100000
479,1708,2019-10-05,17226666.666666664,100000
480,1708,2019-11-05,25839999.999999996,200000
481,1751,2019-09-05,11663888.888888888,250000
482,1751,2019-10-05,23327777.777777776,100000
483,1751,2019-11-05,34991666.666666664,300000
484,1752,2019-09-05,19285000.0,200000
485,1752,2019-10-05,38570000.0,250000
486,1752,2019-11-05,57855000.0,150000
487,1758,2019-09-05,20790000.0,200000
488,1758,2019-10-05,41580000.0,200000
489,1758,2019-11-05,62370000.0,100000
490,1759,2019-09-05,18455555.555555556,200000
491,1759,2019-10-05,36911111.11111111,300000
492,1759,2019-11-05,55366666.66666667,150000
493,1761,2019-09-05,15626666.666666668,300000
494,1761,2019-10-05,31253333.333333336,250000
495,1761,2019-11-05,46880000.0,150000
496,1768,2019-05-05,40162500.0,150000
497,1768,2019-06-05,80325000.0,250000
498,1768,2019-07-05,120487500.0,200000
499,1770,2018-09-05,11430000.0,200000
500,1770,2018-10-05,22860000.0,200000
501,1770,2018-11-05,34290000.0,200000
502,1796,2019-09-05,15066666.666666668,150000
503,1796,2019-10-05,30133333.333333336,300000
504,1796,2019-11-05,45200000.0,200000
505,1802,2019-09-05,7869166.666666667,250000
506,1802,2019-10-05,15738333.333333334,300000
507,1802,2019-11-05,23607500.0,150000
508,1805,2019-09-05,2266666.666666667,200000
509,1805,2019-10-05,4533333.333333334,100000
510,1805,2019-11-05,6800000.000000001,150000
511,1808,2019-09-05,7840000.0,200000
512,1808,2019-10-05,15680000.0,300000
513,1808,2019-11-05,23520000.0,250000
514,1814,2018-11-05,66435000.0,150000
515,1814,2018-12-05,132870000.0,200000
516,1814,2019-01-05,199305000.0,200000
517,1825,2019-03-05,80841666.66666667,200000
518,1825,2019-04-05,161683333.33333334,300000
519,1825,2019-05-05,242525000.0,200000
520,1829,2019-09-05,30160000.0,150000
521,1829,2019-10-05,60320000.0,200000
522,1829,2019-11-05,90480000.0,100000
523,1841,2019-09-05,16197500.0,250000
524,1841,2019-10-05,32395000.0,250000
525,1841,2019-11-05,48592500.0,100000
526,1844,2019-07-05,30305000.0,100000
527,1844,2019-08-05,60610000.0,150000
528,1844,2019-09-05,90915000.0,200000
529,1850,2019-09-05,8840000.0,250000
530,1850,2019-10-05,17680000.0,100000
531,1850,2019-11-05,26520000.0,250000
532,1865,2019-09-05,6510000.0,200000
533,1865,2019-10-05,13020000.0,200000
534,1865,2019-11-05,19530000.0,300000
535,1869,2019-09-05,48912500.0,150000
536,1869,2019-10-05,97825000.0,300000
537,1869,2019-11-05,146737500.0,150000
538,1871,2019-03-05,2725000.0,300000
539,1871,2019-04-05,5450000.0,150000
540,1871,2019-05-05,8175000.0,100000
541,1882,2019-09-05,6323611.111111112,300000
542,1882,2019-10-05,12647222.222222224,150000
543,1882,2019-11-05,18970833.333333336,250000
544,1885,2019-09-05,13088055.555555556,150000
545,1885,2019-10-05,26176111.111111112,200000
546,1885,2019-11-05,39264166.66666667,300000
547,1893,2019-09-05,10616666.666666666,200000
548,1893,2019-10-05,21233333.333333332,300000
549,1893,2019-11-05,31850000.0,150000
550,1904,2019-01-05,11890000.0,300000
551,1904,2019-02-05,23780000.0,100000
552,1904,2019-03-05,35670000.0,250000
553,1919,2019-09-05,2090000.0,250000
554,1919,2019-10-05,4180000.0,250000
555,1919,2019-11-05,6270000.0,100000
556,1931,2019-09-05,16716666.666666666,200000
557,1931,2019-10-05,33433333.333333332,300000
558,1931,2019-11-05,50150000.0,200000
559,1939,2019-01-05,11212500.0,150000
560,1939,2019-02-05,22425000.0,200000
561,1939,2019-03-05,33637500.0,150000
562,1947,2019-09-05,15864444.444444446,300000
563,1947,2019-10-05,31728888.88888889,200000
564,1947,2019-11-05,47593333.333333336,100000
565,1948,2019-09-05,8473333.333333332,250000
566,1948,2019-10-05,16946666.666666664,300000
567,1948,2019-11-05,25419999.999999996,200000
568,1950,2019-09-05,16444444.444444446,250000
569,1950,2019-10-05,32888888.88888889,300000
570,1950,2019-11-05,49333333.333333336,150000
571,1976,2019-05-05,15871666.666666668,100000
572,1976,2019-06-05,31743333.333333336,150000
573,1976,2019-07-05,47615000.0,100000
574,1983,2018-09-05,10053333.333333332,150000
575,1983,2018-10-05,20106666.666666664,100000
576,1983,2018-11-05,30159999.999999996,200000
577,2007,2019-09-05,9948333.333333332,300000
578,2007,2019-10-05,19896666.666666664,150000
579,2007,2019-11-05,29844999.999999996,100000
580,2042,2019-09-05,9940833.333333334,300000
581,2042,2019-10-05,19881666.666666668,250000
582,2042,2019-11-05,29822500.0,200000
583,2055,2019-09-05,12840000.0,200000
584,2055,2019-10-05,25680000.0,150000
585,2055,2019-11-05,38520000.0,300000
586,2056,2019-09-05,3575000.0,300000
587,2056,2019-10-05,7150000.0,300000
588,2056,2019-11-05,10725000.0,200000
589,2057,2019-09-05,29152500.0,150000
590,2057,2019-10-05,58305000.0,100000
591,2057,2019-11-05,87457500.0,200000
592,2071,2019-09-05,22641666.666666668,300000
593,2071,2019-10-05,45283333.333333336,300000
594,2071,2019-11-05,67925000.0,250000
595,2085,2019-07-05,22013333.333333336,100000
596,2085,2019-08-05,44026666.66666667,100000
597,2085,2019-09-05,66040000.00000001,200000
598,2090,2019-01-05,12190000.0,100000
599,2090,2019-02-05,24380000.0,100000
600,2090,2019-03-05,36570000.0,250000
601,2103,2019-09-05,16988888.888888888,100000
602,2103,2019-10-05,33977777.777777776,200000
603,2103,2019-11-05,50966666.666666664,300000
604,2112,2018-11-05,16986666.666666668,100000
605,2112,2018-12-05,33973333.333333336,150000
606,2112,2019-01-05,50960000.0,150000
607,2113,2019-09-05,9966666.666666668,250000
608,2113,2019-10-05,19933333.333333336,200000
609,2113,2019-11-05,29900000.000000004,200000
610,2117,2019-05-05,36225000.0,150000
611,2117,2019-06-05,72450000.0,250000
612,2117,2019-07-05,108675000.0,100000
613,2127,2018-03-05,80531666.66666666,100000
614,2127,2018-04-05,161063333.3333333,300000
615,2127,2018-05-05,241594999.99999997,150000
616,2142,2019-07-05,20453333.333333336,100000
617,2142,2019-08-05,40906666.66666667,100000
618,2142,2019-09-05,61360000.00000001,250000
619,2144,2019-05-05,38570000.0,300000
620,2144,2019-06-05,77140000.0,300000
621,2144,2019-07-05,115710000.0,200000
622,2190,2019-09-05,8708333.333333332,100000
623,2190,2019-10-05,17416666.666666664,300000
624,2190,2019-11-05,26124999.999999996,150000
625,2194,2019-09-05,21330000.0,300000
626,2194,2019-10-05,42660000.0,300000
627,2194,2019-11-05,63990000.0,150000
628,2208,2019-09-05,18666666.666666668,300000
629,2208,2019-10-05,37333333.333333336,200000
630,2208,2019-11-05,56000000.0,150000
631,2212,2019-03-05,72403333.33333334,300000
632,2212,2019-04-05,144806666.6666667,100000
633,2212,2019-05-05,217210000.00000003,150000
634,2213,2019-09-05,4400000.0,100000
635,2213,2019-10-05,8800000.0,300000
636,2213,2019-11-05,13200000.0,100000
637,2237,2019-09-05,15913333.333333334,250000
638,2237,2019-10-05,31826666.666666668,200000
639,2237,2019-11-05,47740000.0,200000
640,2240,2019-09-05,8313333.333333334,300000
641,2240,2019-10-05,16626666.666666668,250000
642,2240,2019-11-05,24940000.0,100000
643,2256,2019-09-05,46006666.666666664,150000
644,2256,2019-10-05,92013333.33333333,150000
645,2256,2019-11-05,138020000.0,200000
646,2260,2019-09-05,4085000.0,200000
647,2260,2019-10-05,8170000.0,250000
648,2260,2019-11-05,12255000.0,100000
649,2288,2019-09-05,11732500.0,250000
650,2288,2019-10-05,23465000.0,300000
651,2288,2019-11-05,35197500.0,100000
652,2289,2019-09-05,6030000.0,300000
653,2289,2019-10-05,12060000.0,250000
654,2289,2019-11-05,18090000.0,200000
655,2304,2019-09-05,18535833.333333336,250000
656,2304,2019-10-05,37071666.66666667,100000
657,2304,2019-11-05,55607500.00000001,100000
658,2306,2019-09-05,1288888.8888888888,250000
659,2306,2019-10-05,2577777.7777777775,150000
660,2306,2019-11-05,3866666.666666666,300000
661,2310,2018-07-05,88065833.33333334,150000
662,2310,2018-08-05,176131666.6666667,200000
663,2310,2018-09-05,264197500.00000003,200000
664,2311,2019-09-05,6117222.222222222,100000
665,2311,2019-10-05,12234444.444444444,200000
666,2311,2019-11-05,18351666.666666664,300000
667,2316,2019-09-05,3031111.111111111,300000
668,2316,2019-10-05,6062222.222222222,150000
669,2316,2019-11-05,9093333.333333332,250000
670,2321,2017-11-05,8137500.0,300000
671,2321,2017-12-05,16275000.0,250000
672,2321,2018-01-05,24412500.0,200000
673,2335,2019-09-05,6096666.666666667,250000
674,2335,2019-10-05,12193333.333333334,100000
675,2335,2019-11-05,18290000.0,200000
676,2349,2019-09-05,17527500.0,100000
677,2349,2019-10-05,35055000.0,200000
678,2349,2019-11-05,52582500.0,300000
679,2355,2019-01-05,46410000.0,100000
680,2355,2019-02-05,92820000.0,100000
681,2355,2019-03-05,139230000.0,100000
682,2368,2019-09-05,22100000.0,250000
683,2368,2019-10-05,44200000.0,250000
684,2368,2019-11-05,66300000.0,250000
685,2375,2019-09-05,3300000.0,100000
686,2375,2019-10-05,6600000.0,300000
687,2375,2019-11-05,9900000.0,300000
688,2378,2019-09-05,2473333.3333333335,200000
689,2378,2019-10-05,4946666.666666667,100000
690,2378,2019-11-05,7420000.0,250000
691,2393,2018-11-05,45720000.0,150000
692,2393,2018-12-05,91440000.0,250000
693,2393,2019-01-05,137160000.0,200000
694,2413,2019-09-05,16107777.777777778,300000
695,2413,2019-10-05,32215555.555555556,150000
696,2413,2019-11-05,48323333.333333336,250000
697,2420,2019-09-05,26133333.333333332,300000
698,2420,2019-10-05,52266666.666666664,100000
699,2420,2019-11-05,78400000.0,100000
700,2437,2019-09-05,6165277.777777778,300000
701,2437,2019-10-05,12330555.555555556,200000
702,2437,2019-11-05,18495833.333333336,300000
703,2444,2019-03-05,30960000.0,100000
704,2444,2019-04-05,61920000.0,200000
705,2444,2019-05-05,92880000.0,100000
706,2450,2019-09-05,15147222.222222222,100000
707,2450,2019-10-05,30294444.444444444,150000
708,2450,2019-11-05,45441666.666666664,250000
709,2481,2019-01-05,8222500.0,150000
710,2481,2019-02-05,16445000.0,300000
711,2481,2019-03-05,24667500.0,250000
712,2486,2019-09-05,17187500.0,100000
713,2486,2019-10-05,34375000.0,100000
714,2486,2019-11-05,51562500.0,250000
715,2520,2019-09-05,34220833.33333333,150000
716,2520,2019-10-05,68441666.66666666,150000
717,2520,2019-11-05,102662499.99999999,150000
718,2550,2018-11-05,80030000.0,250000
719,2550,2018-12-05,160060000.0,100000
720,2550,2019-01-05,240090000.0,150000
721,2554,2019-09-05,4586111.111111111,100000
722,2554,2019-10-05,9172222.222222222,150000
723,2554,2019-11-05,13758333.333333332,250000
724,2564,2019-03-05,16483333.333333334,200000
725,2564,2019-04-05,32966666.666666668,150000
726,2564,2019-05-05,49450000.0,250000
727,2571,2019-09-05,20343055.555555556,150000
728,2571,2019-10-05,40686111.11111111,200000
729,2571,2019-11-05,61029166.66666667,100000
730,2590,2019-01-05,38900000.0,300000
731,2590,2019-02-05,77800000.0,300000
732,2590,2019-03-05,116700000.0,200000
733,2601,2019-09-05,24692500.0,100000
734,2601,2019-10-05,49385000.0,300000
735,2601,2019-11-05,74077500.0,300000
736,2615,2019-05-05,19493333.333333336,250000
737,2615,2019-06-05,38986666.66666667,100000
738,2615,2019-07-05,58480000.00000001,100000
739,2620,2019-09-05,15120000.0,200000
740,2620,2019-10-05,30240000.0,100000
741,2620,2019-11-05,45360000.0,250000
742,2630,2018-11-05,81900000.0,150000
743,2630,2018-12-05,163800000.0,100000
744,2630,2019-01-05,245700000.0,100000
745,2636,2019-09-05,7786666.666666666,150000
746,2636,2019-10-05,15573333.333333332,300000
747,2636,2019-11-05,23360000.0,100000
748,2640,2019-09-05,16255277.777777778,250000
749,2640,2019-10-05,32510555.555555556,150000
750,2640,2019-11-05,48765833.333333336,300000
751,2644,2019-09-05,18253333.333333336,200000
752,2644,2019-10-05,36506666.66666667,300000
753,2644,2019-11-05,54760000.00000001,200000
754,2650,2019-03-05,30156666.666666668,100000
755,2650,2019-04-05,60313333.333333336,250000
756,2650,2019-05-05,90470000.0,250000
757,2656,2018-09-05,24225000.0,300000
758,2656,2018-10-05,48450000.0,150000
759,2656,2018-11-05,72675000.0,250000
760,2666,2019-09-05,71683333.33333333,300000
761,2666,2019-10-05,143366666.66666666,150000
762,2666,2019-11-05,215050000.0,200000
763,2672,2019-09-05,25287500.0,300000
764,2672,2019-10-05,50575000.0,150000
765,2672,2019-11-05,75862500.0,200000
766,2676,2019-09-05,13975000.0,250000
767,2676,2019-10-05,27950000.0,300000
768,2676,2019-11-05,41925000.0,200000
769,2688,2018-07-05,32430000.0,300000
770,2688,2018-08-05,64860000.0,250000
771,2688,2018-09-05,97290000.0,250000
772,2692,2019-09-05,3058611.1111111115,250000
773,2692,2019-10-05,6117222.222222223,300000
774,2692,2019-11-05,9175833.333333334,200000
775,2699,2019-03-05,72180000.0,200000
776,2699,2019-04-05,144360000.0,250000
777,2699,2019-05-05,216540000.0,300000
778,2702,2018-09-05,39140000.0,250000
779,2702,2018-10-05,78280000.0,150000
780,2702,2018-11-05,117420000.0,300000
781,2716,2019-09-05,36306666.66666667,300000
782,2716,2019-10-05,72613333.33333334,100000
783,2716,2019-11-05,108920000.00000001,200000
784,2741,2019-09-05,40021666.666666664,100000
785,2741,2019-10-05,80043333.33333333,250000
786,2741,2019-11-05,120065000.0,150000
787,2745,2018-09-05,44641666.66666667,200000
788,2745,2018-10-05,89283333.33333334,200000
789,2745,2018-11-05,133925000.00000001,200000
790,2759,2019-01-05,15176666.666666668,250000
791,2759,2019-02-05,30353333.333333336,100000
792,2759,2019-03-05,45530000.0,200000
793,2761,2018-05-05,23925000.0,150000
794,2761,2018-06-05,47850000.0,250000
795,2761,2018-07-05,71775000.0,150000
796,2774,2019-09-05,3507500.0,300000
797,2774,2019-10-05,7015000.0,200000
798,2774,2019-11-05,10522500.0,150000
799,2775,2018-05-05,43790000.0,100000
800,2775,2018-06-05,87580000.0,150000
801,2775,2018-07-05,131370000.0,250000
802,2784,2019-05-05,33000000.0,200000
803,2784,2019-06-05,66000000.0,250000
804,2784,2019-07-05,99000000.0,100000
805,2793,2019-01-05,17655000.0,300000
806,2793,2019-02-05,35310000.0,200000
807,2793,2019-03-05,52965000.0,150000
808,2797,2019-09-05,17585555.555555556,250000
809,2797,2019-10-05,35171111.11111111,250000
810,2797,2019-11-05,52756666.66666667,150000
811,2806,2019-09-05,16250000.0,250000
812,2806,2019-10-05,32500000.0,100000
813,2806,2019-11-05,48750000.0,200000
814,2818,2018-05-05,12786666.666666666,150000
815,2818,2018-06-05,25573333.333333332,150000
816,2818,2018-07-05,38360000.0,250000
817,2825,2019-09-05,9931666.666666666,150000
818,2825,2019-10-05,19863333.333333332,200000
819,2825,2019-11-05,29795000.0,250000
820,2834,2019-09-05,11550000.0,300000
821,2834,2019-10-05,23100000.0,150000
822,2834,2019-11-05,34650000.0,100000
823,2862,2019-09-05,7150000.0,300000
824,2862,2019-10-05,14300000.0,300000
825,2862,2019-11-05,21450000.0,150000
826,2870,2019-09-05,6785000.0,200000
827,2870,2019-10-05,13570000.0,200000
828,2870,2019-11-05,20355000.0,150000
829,2871,2019-09-05,11025000.0,250000
830,2871,2019-10-05,22050000.0,200000
831,2871,2019-11-05,33075000.0,200000
832,2877,2018-07-05,70668333.33333334,200000
833,2877,2018-08-05,141336666.6666667,100000
834,2877,2018-09-05,212005000.00000003,300000
835,2880,2017-07-05,3929166.666666667,250000
836,2880,2017-08-05,7858333.333333334,100000
837,2880,2017-09-05,11787500.0,200000
838,2901,2019-09-05,6573333.333333334,300000
839,2901,2019-10-05,13146666.666666668,250000
840,2901,2019-11-05,19720000.0,200000
841,2903,2019-09-05,19839722.222222224,150000
842,2903,2019-10-05,39679444.44444445,100000
843,2903,2019-11-05,59519166.66666667,300000
844,2906,2019-09-05,20453333.333333332,100000
845,2906,2019-10-05,40906666.666666664,300000
846,2906,2019-11-05,61360000.0,100000
847,2908,2019-09-05,8410000.0,150000
848,2908,2019-10-05,16820000.0,100000
849,2908,2019-11-05,25230000.0,200000
850,2910,2019-09-05,7492500.0,250000
851,2910,2019-10-05,14985000.0,200000
852,2910,2019-11-05,22477500.0,300000
853,2919,2019-03-05,65575000.0,250000
854,2919,2019-04-05,131150000.0,150000
855,2919,2019-05-05,196725000.0,250000
856,2937,2019-09-05,83200000.0,100000
857,2937,2019-10-05,166400000.0,300000
858,2937,2019-11-05,249600000.0,150000
859,2958,2019-09-05,6573333.333333333,300000
860,2958,2019-10-05,13146666.666666666,300000
861,2958,2019-11-05,19720000.0,250000
862,2961,2019-09-05,16266666.666666668,300000
863,2961,2019-10-05,32533333.333333336,100000
864,2961,2019-11-05,48800000.0,200000
865,2963,2019-09-05,5880000.0,100000
866,2963,2019-10-05,11760000.0,100000
867,2963,2019-11-05,17640000.0,150000
868,2964,2019-09-05,2826666.666666667,250000
869,2964,2019-10-05,5653333.333333334,300000
870,2964,2019-11-05,8480000.0,150000
871,2979,2019-09-05,1958055.5555555555,300000
872,2979,2019-10-05,3916111.111111111,100000
873,2979,2019-11-05,5874166.666666666,150000
874,2988,2018-07-05,67054166.666666664,250000
875,2988,2018-08-05,134108333.33333333,100000
876,2988,2018-09-05,201162500.0,100000
877,3009,2019-09-05,3598333.3333333335,250000
878,3009,2019-10-05,7196666.666666667,100000
879,3009,2019-11-05,10795000.0,200000
880,3017,2019-09-05,37092500.0,200000
881,3017,2019-10-05,74185000.0,300000
882,3017,2019-11-05,111277500.0,300000
883,3021,2018-03-05,52015000.0,200000
884,3021,2018-04-05,104030000.0,200000
885,3021,2018-05-05,156045000.0,300000
886,3029,2019-09-05,33320000.0,250000
887,3029,2019-10-05,66640000.0,100000
888,3029,2019-11-05,99960000.0,200000
889,3030,2019-09-05,11761111.11111111,250000
890,3030,2019-10-05,23522222.22222222,150000
891,3030,2019-11-05,35283333.33333333,200000
892,3042,2019-09-05,12729166.666666666,100000
893,3042,2019-10-05,25458333.333333332,300000
894,3042,2019-11-05,38187500.0,250000
895,3044,2019-09-05,12536944.444444446,100000
896,3044,2019-10-05,25073888.88888889,300000
897,3044,2019-11-05,37610833.333333336,300000
898,3050,2019-05-05,8893333.333333334,250000
899,3050,2019-06-05,17786666.666666668,100000
900,3050,2019-07-05,26680000.0,100000
901,3053,2019-09-05,24533333.333333336,250000
902,3053,2019-10-05,49066666.66666667,300000
903,3053,2019-11-05,73600000.0,200000
904,3075,2018-03-05,42480000.0,100000
905,3075,2018-04-05,84960000.0,100000
906,3075,2018-05-05,127440000.0,150000
907,3081,2018-07-05,32330000.0,200000
908,3081,2018-08-05,64660000.0,100000
909,3081,2018-09-05,96990000.0,300000
910,3090,2019-09-05,11979166.666666666,200000
911,3090,2019-10-05,23958333.333333332,200000
912,3090,2019-11-05,35937500.0,150000
913,3118,2019-09-05,24990000.0,150000
914,3118,2019-10-05,49980000.0,100000
915,3118,2019-11-05,74970000.0,100000
916,3121,2019-09-05,24266666.666666668,100000
917,3121,2019-10-05,48533333.333333336,150000
918,3121,2019-11-05,72800000.0,100000
919,3130,2018-07-05,23283333.333333336,200000
920,3130,2018-08-05,46566666.66666667,200000
921,3130,2018-09-05,69850000.0,100000
922,3131,2019-09-05,5034722.222222222,250000
923,3131,2019-10-05,10069444.444444444,100000
924,3131,2019-11-05,15104166.666666666,200000
925,3147,2019-09-05,13303888.888888888,150000
926,3147,2019-10-05,26607777.777777776,300000
927,3147,2019-11-05,39911666.666666664,200000
928,3150,2019-05-05,29137500.0,100000
929,3150,2019-06-05,58275000.0,250000
930,3150,2019-07-05,87412500.0,150000
931,3160,2019-09-05,3457222.222222222,150000
932,3160,2019-10-05,6914444.444444444,200000
933,3160,2019-11-05,10371666.666666666,250000
934,3172,2019-09-05,13175555.555555556,300000
935,3172,2019-10-05,26351111.111111112,150000
936,3172,2019-11-05,39526666.66666667,300000
937,3182,2019-09-05,8820000.0,150000
938,3182,2019-10-05,17640000.0,300000
939,3182,2019-11-05,26460000.0,150000
940,3183,2019-09-05,17945000.0,300000
941,3183,2019-10-05,35890000.0,150000
942,3183,2019-11-05,53835000.0,200000
943,3192,2018-03-05,59360000.0,200000
944,3192,2018-04-05,118720000.0,200000
945,3192,2018-05-05,178080000.0,250000
946,3194,2017-07-05,25625000.0,250000
947,3194,2017-08-05,51250000.0,100000
948,3194,2017-09-05,76875000.0,150000
949,3195,2019-09-05,11896111.11111111,100000
950,3195,2019-10-05,23792222.22222222,300000
951,3195,2019-11-05,35688333.33333333,150000
952,3207,2019-09-05,9383888.88888889,250000
953,3207,2019-10-05,18767777.77777778,200000
954,3207,2019-11-05,28151666.66666667,150000
955,3223,2019-09-05,16225000.0,200000
956,3223,2019-10-05,32450000.0,250000
957,3223,2019-11-05,48675000.0,300000
958,3225,2019-09-05,16225000.0,300000
959,3225,2019-10-05,32450000.0,200000
960,3225,2019-11-05,48675000.0,300000
961,3227,2019-09-05,9305277.777777778,300000
962,3227,2019-10-05,18610555.555555556,200000
963,3227,2019-11-05,27915833.333333336,300000
964,3231,2018-07-05,84566666.66666667,200000
965,3231,2018-08-05,169133333.33333334,200000
966,3231,2018-09-05,253700000.0,100000
967,3234,2019-09-05,4532500.0,250000
968,3234,2019-10-05,9065000.0,200000
969,3234,2019-11-05,13597500.0,250000
970,3242,2019-09-05,3768333.3333333335,100000
971,3242,2019-10-05,7536666.666666667,200000
972,3242,2019-11-05,11305000.0,100000
973,3266,2019-09-05,5655000.0,150000
974,3266,2019-10-05,11310000.0,250000
975,3266,2019-11-05,16965000.0,300000
976,3273,2019-05-05,11500000.0,150000
977,3273,2019-06-05,23000000.0,300000
978,3273,2019-07-05,34500000.0,100000
979,3274,2019-01-05,639166.6666666666,150000
980,3274,2019-02-05,1278333.3333333333,150000
981,3274,2019-03-05,1917500.0,100000
982,3285,2018-09-05,23537500.0,200000
983,3285,2018-10-05,47075000.0,100000
984,3285,2018-11-05,70612500.0,250000
985,3287,2019-09-05,1693055.5555555555,200000
986,3287,2019-10-05,3386111.111111111,100000
987,3287,2019-11-05,5079166.666666666,150000
988,3288,2019-09-05,18991666.666666668,300000
989,3288,2019-10-05,37983333.333333336,150000
990,3288,2019-11-05,56975000.0,200000
991,3314,2019-09-05,3640000.0,100000
992,3314,2019-10-05,7280000.0,150000
993,3314,2019-11-05,10920000.0,100000
994,3348,2019-09-05,34440000.0,300000
995,3348,2019-10-05,68880000.0,150000
996,3348,2019-11-05,103320000.0,300000
997,3374,2019-07-05,42670833.333333336,200000
998,3374,2019-08-05,85341666.66666667,100000
999,3374,2019-09-05,128012500.0,100000
1000,3377,2018-07-05,5520000.0,100000
1001,3377,2018-08-05,11040000.0,150000
1002,3377,2018-09-05,16560000.0,300000
1003,3386,2018-03-05,71415000.0,200000
1004,3386,2018-04-05,142830000.0,250000
1005,3386,2018-05-05,214245000.0,150000
1006,3412,2019-09-05,43312500.0,300000
1007,3412,2019-10-05,86625000.0,250000
1008,3412,2019-11-05,129937500.0,150000
1009,3413,2019-09-05,19633333.333333336,150000
1010,3413,2019-10-05,39266666.66666667,250000
1011,3413,2019-11-05,58900000.00000001,250000
1012,3430,2019-09-05,27190833.333333336,200000
1013,3430,2019-10-05,54381666.66666667,200000
1014,3430,2019-11-05,81572500.0,300000
1015,3441,2019-09-05,18586666.666666664,150000
1016,3441,2019-10-05,37173333.33333333,200000
1017,3441,2019-11-05,55759999.99999999,100000
1018,3444,2019-09-05,34813333.33333333,100000
1019,3444,2019-10-05,69626666.66666666,100000
1020,3444,2019-11-05,104439999.99999999,200000
1021,3449,2019-09-05,4400000.0,100000
1022,3449,2019-10-05,8800000.0,250000
1023,3449,2019-11-05,13200000.0,150000
1024,3468,2019-09-05,20419166.666666664,100000
1025,3468,2019-10-05,40838333.33333333,200000
1026,3468,2019-11-05,61257499.99999999,100000
1027,3471,2019-09-05,21136666.666666664,300000
1028,3471,2019-10-05,42273333.33333333,100000
1029,3471,2019-11-05,63409999.99999999,100000
1030,3475,2019-09-05,31030000.0,250000
1031,3475,2019-10-05,62060000.0,250000
1032,3475,2019-11-05,93090000.0,150000
1033,3482,2019-05-05,2473333.3333333335,300000
1034,3482,2019-06-05,4946666.666666667,200000
1035,3482,2019-07-05,7420000.0,100000
1036,3487,2019-09-05,15664444.444444444,200000
1037,3487,2019-10-05,31328888.888888888,200000
1038,3487,2019-11-05,46993333.33333333,150000
1039,3494,2019-09-05,5768888.888888889,100000
1040,3494,2019-10-05,11537777.777777778,100000
1041,3494,2019-11-05,17306666.666666668,250000
1042,3507,2018-05-05,36691666.666666664,100000
1043,3507,2018-06-05,73383333.33333333,200000
1044,3507,2018-07-05,110075000.0,150000
1045,3528,2019-09-05,19930277.777777776,300000
1046,3528,2019-10-05,39860555.55555555,200000
1047,3528,2019-11-05,59790833.33333333,150000
1048,3535,2019-03-05,21255000.0,300000
1049,3535,2019-04-05,42510000.0,250000
1050,3535,2019-05-05,63765000.0,250000
1051,3537,2018-07-05,4900000.0,150000
1052,3537,2018-08-05,9800000.0,250000
1053,3537,2018-09-05,14700000.0,100000
1054,3564,2019-09-05,9391666.666666668,100000
1055,3564,2019-10-05,18783333.333333336,100000
1056,3564,2019-11-05,28175000.000000004,250000
1057,3575,2019-09-05,1145277.7777777778,250000
1058,3575,2019-10-05,2290555.5555555555,250000
1059,3575,2019-11-05,3435833.333333333,250000
1060,3582,2019-09-05,2800000.0,150000
1061,3582,2019-10-05,5600000.0,150000
1062,3582,2019-11-05,8400000.0,250000
1063,3584,2019-09-05,14900000.0,150000
1064,3584,2019-10-05,29800000.0,150000
1065,3584,2019-11-05,44700000.0,150000
1066,3588,2019-09-05,6288333.333333334,250000
1067,3588,2019-10-05,12576666.666666668,150000
1068,3588,2019-11-05,18865000.0,300000
1069,3600,2019-03-05,75250000.0,250000
1070,3600,2019-04-05,150500000.0,200000
1071,3600,2019-05-05,225750000.0,200000
1072,3609,2019-09-05,3622500.0,200000
1073,3609,2019-10-05,7245000.0,200000
1074,3609,2019-11-05,10867500.0,200000
1075,3623,2019-09-05,10170000.0,100000
1076,3623,2019-10-05,20340000.0,300000
1077,3623,2019-11-05,30510000.0,100000
1078,3628,2019-09-05,3048333.3333333335,150000
1079,3628,2019-10-05,6096666.666666667,200000
1080,3628,2019-11-05,9145000.0,150000
1081,3630,2019-03-05,80850000.0,150000
1082,3630,2019-04-05,161700000.0,200000
1083,3630,2019-05-05,242550000.0,100000
1084,3644,2019-09-05,17363888.888888888,150000
1085,3644,2019-10-05,34727777.777777776,100000
1086,3644,2019-11-05,52091666.666666664,300000
1087,3662,2019-09-05,20638333.333333336,200000
1088,3662,2019-10-05,41276666.66666667,250000
1089,3662,2019-11-05,61915000.00000001,300000
1090,3663,2019-09-05,35203333.33333333,150000
1091,3663,2019-10-05,70406666.66666666,150000
1092,3663,2019-11-05,105609999.99999999,200000
1093,3664,2019-07-05,75900000.0,100000
1094,3664,2019-08-05,151800000.0,100000
1095,3664,2019-09-05,227700000.0,250000
1096,3670,2019-09-05,5476666.666666667,200000
1097,3670,2019-10-05,10953333.333333334,150000
1098,3670,2019-11-05,16430000.0,250000
1099,3683,2019-01-05,14266666.666666668,250000
1100,3683,2019-02-05,28533333.333333336,300000
1101,3683,2019-03-05,42800000.0,300000
1102,3691,2018-07-05,22790000.0,200000
1103,3691,2018-08-05,45580000.0,300000
1104,3691,2018-09-05,68370000.0,150000
1105,3700,2019-03-05,22500000.0,300000
1106,3700,2019-04-05,45000000.0,300000
1107,3700,2019-05-05,67500000.0,150000
1108,3724,2019-09-05,11212500.0,150000
1109,3724,2019-10-05,22425000.0,300000
1110,3724,2019-11-05,33637500.0,300000
1111,3729,2019-09-05,21700000.0,200000
1112,3729,2019-10-05,43400000.0,300000
1113,3729,2019-11-05,65100000.0,250000
1114,3746,2019-09-05,23750000.0,100000
1115,3746,2019-10-05,47500000.0,150000
1116,3746,2019-11-05,71250000.0,100000
1117,3766,2018-07-05,66185000.0,250000
1118,3766,2018-08-05,132370000.0,200000
1119,3766,2018-09-05,198555000.0,300000
1120,3782,2019-09-05,9111666.666666668,200000
1121,3782,2019-10-05,18223333.333333336,150000
1122,3782,2019-11-05,27335000.000000004,200000
1123,3803,2019-05-05,21677500.0,300000
1124,3803,2019-06-05,43355000.0,250000
1125,3803,2019-07-05,65032500.0,250000
1126,3811,2019-09-05,14620000.0,150000
1127,3811,2019-10-05,29240000.0,300000
1128,3811,2019-11-05,43860000.0,150000
1129,3816,2019-09-05,14094444.444444444,250000
1130,3816,2019-10-05,28188888.888888888,250000
1131,3816,2019-11-05,42283333.33333333,250000
1132,3823,2019-09-05,1041944.4444444445,200000
1133,3823,2019-10-05,2083888.888888889,200000
1134,3823,2019-11-05,3125833.3333333335,200000
1135,3824,2019-09-05,8890000.0,250000
1136,3824,2019-10-05,17780000.0,250000
1137,3824,2019-11-05,26670000.0,200000
1138,3836,2019-09-05,26300000.0,250000
1139,3836,2019-10-05,52600000.0,150000
1140,3836,2019-11-05,78900000.0,250000
1141,3845,2019-05-05,21933333.333333332,300000
1142,3845,2019-06-05,43866666.666666664,100000
1143,3845,2019-07-05,65800000.0,100000
1144,3852,2019-03-05,49350000.0,200000
1145,3852,2019-04-05,98700000.0,200000
1146,3852,2019-05-05,148050000.0,100000
1147,3864,2019-09-05,5615555.555555555,150000
1148,3864,2019-10-05,11231111.11111111,200000
1149,3864,2019-11-05,16846666.666666664,100000
1150,3875,2019-09-05,8268333.333333333,200000
1151,3875,2019-10-05,16536666.666666666,250000
1152,3875,2019-11-05,24805000.0,250000
1153,3876,2019-09-05,23772500.0,300000
1154,3876,2019-10-05,47545000.0,100000
1155,3876,2019-11-05,71317500.0,100000
1156,3888,2019-09-05,19146666.666666668,300000
1157,3888,2019-10-05,38293333.333333336,100000
1158,3888,2019-11-05,57440000.0,150000
1159,3897,2018-05-05,29500000.0,300000
1160,3897,2018-06-05,59000000.0,150000
1161,3897,2018-07-05,88500000.0,300000
1162,3898,2019-09-05,31826666.666666668,100000
1163,3898,2019-10-05,63653333.333333336,300000
1164,3898,2019-11-05,95480000.0,250000
1165,3903,2019-09-05,3179444.4444444445,150000
1166,3903,2019-10-05,6358888.888888889,250000
1167,3903,2019-11-05,9538333.333333334,250000
1168,3906,2019-09-05,20475000.0,200000
1169,3906,2019-10-05,40950000.0,100000
1170,3906,2019-11-05,61425000.0,100000
1171,3913,2018-07-05,9083333.333333332,100000
1172,3913,2018-08-05,18166666.666666664,200000
1173,3913,2018-09-05,27249999.999999996,100000
1174,3955,2019-09-05,8444444.444444444,100000
1175,3955,2019-10-05,16888888.888888888,300000
1176,3955,2019-11-05,25333333.333333332,100000
1177,3958,2018-11-05,10307500.0,200000
1178,3958,2018-12-05,20615000.0,250000
1179,3958,2019-01-05,30922500.0,100000
1180,3971,2019-03-05,45933333.333333336,300000
1181,3971,2019-04-05,91866666.66666667,250000
1182,3971,2019-05-05,137800000.0,200000
1183,3973,2019-09-05,44238333.333333336,300000
1184,3973,2019-10-05,88476666.66666667,200000
1185,3973,2019-11-05,132715000.0,100000
1186,3996,2019-09-05,8550000.0,200000
1187,3996,2019-10-05,17100000.0,100000
1188,3996,2019-11-05,25650000.0,100000
1189,4021,2019-09-05,5377777.777777777,200000
1190,4021,2019-10-05,10755555.555555554,200000
1191,4021,2019-11-05,16133333.333333332,150000
1192,4033,2019-09-05,15704444.444444446,100000
1193,4033,2019-10-05,31408888.88888889,100000
1194,4033,2019-11-05,47113333.333333336,250000
1195,4034,2019-09-05,2273333.333333333,250000
1196,4034,2019-10-05,4546666.666666666,300000
1197,4034,2019-11-05,6819999.999999999,300000
1198,4045,2018-01-05,21221666.666666664,250000
1199,4045,2018-02-05,42443333.33333333,250000
1200,4045,2018-03-05,63664999.99999999,300000
1201,4046,2019-09-05,18585000.0,150000
1202,4046,2019-10-05,37170000.0,100000
1203,4046,2019-11-05,55755000.0,300000
1204,4057,2019-09-05,27916666.666666664,250000
1205,4057,2019-10-05,55833333.33333333,200000
1206,4057,2019-11-05,83750000.0,300000
1207,4063,2019-03-05,28840000.0,150000
1208,4063,2019-04-05,57680000.0,200000
1209,4063,2019-05-05,86520000.0,100000
1210,4070,2019-09-05,10129166.666666668,100000
1211,4070,2019-10-05,20258333.333333336,300000
1212,4070,2019-11-05,30387500.000000004,150000
1213,4075,2019-07-05,39804166.66666667,200000
1214,4075,2019-08-05,79608333.33333334,200000
1215,4075,2019-09-05,119412500.00000001,200000
1216,4079,2018-09-05,5123333.333333333,100000
1217,4079,2018-10-05,10246666.666666666,150000
1218,4079,2018-11-05,15370000.0,200000
1219,4090,2019-05-05,20783333.333333336,100000
1220,4090,2019-06-05,41566666.66666667,250000
1221,4090,2019-07-05,62350000.00000001,200000
1222,4093,2018-05-05,22425000.0,150000
1223,4093,2018-06-05,44850000.0,300000
1224,4093,2018-07-05,67275000.0,150000
1225,4097,2019-09-05,4066944.4444444445,300000
1226,4097,2019-10-05,8133888.888888889,100000
1227,4097,2019-11-05,12200833.333333334,250000
1228,4098,2019-09-05,15849166.666666666,300000
1229,4098,2019-10-05,31698333.333333332,250000
1230,4098,2019-11-05,47547500.0,100000
1231,4104,2018-05-05,1080000.0,150000
1232,4104,2018-06-05,2160000.0,300000
1233,4104,2018-07-05,3240000.0,100000
1234,4112,2019-09-05,9167500.0,300000
1235,4112,2019-10-05,18335000.0,200000
1236,4112,2019-11-05,27502500.0,250000
1237,4123,2019-01-05,20212500.0,100000
1238,4123,2019-02-05,40425000.0,150000
1239,4123,2019-03-05,60637500.0,150000
1240,4142,2019-09-05,7733333.333333333,150000
1241,4142,2019-10-05,15466666.666666666,200000
1242,4142,2019-11-05,23200000.0,150000
1243,4152,2018-05-05,19597500.0,150000
1244,4152,2018-06-05,39195000.0,100000
1245,4152,2018-07-05,58792500.0,250000
1246,4161,2019-09-05,21756666.666666664,100000
1247,4161,2019-10-05,43513333.33333333,250000
1248,4161,2019-11-05,65269999.99999999,150000
1249,4168,2019-09-05,10455277.777777778,250000
1250,4168,2019-10-05,20910555.555555556,250000
1251,4168,2019-11-05,31365833.333333336,300000
1252,4170,2019-09-05,18620000.0,100000
1253,4170,2019-10-05,37240000.0,100000
1254,4170,2019-11-05,55860000.0,150000
1255,4175,2019-09-05,21998333.333333332,250000
1256,4175,2019-10-05,43996666.666666664,200000
1257,4175,2019-11-05,65995000.0,250000
1258,4188,2019-03-05,25920000.0,300000
1259,4188,2019-04-05,51840000.0,200000
1260,4188,2019-05-05,77760000.0,150000
1261,4197,2018-11-05,75166666.66666666,150000
1262,4197,2018-12-05,150333333.3333333,150000
1263,4197,2019-01-05,225499999.99999997,100000
1264,4199,2018-09-05,10730000.0,250000
1265,4199,2018-10-05,21460000.0,150000
1266,4199,2018-11-05,32190000.0,300000
1267,4202,2019-09-05,13066666.666666668,250000
1268,4202,2019-10-05,26133333.333333336,150000
1269,4202,2019-11-05,39200000.0,200000
1270,4207,2019-01-05,38763333.333333336,300000
1271,4207,2019-02-05,77526666.66666667,200000
1272,4207,2019-03-05,116290000.0,200000
1273,4211,2019-09-05,19801666.666666668,150000
1274,4211,2019-10-05,39603333.333333336,150000
1275,4211,2019-11-05,59405000.0,150000
1276,4214,2019-09-05,5866666.666666666,150000
1277,4214,2019-10-05,11733333.333333332,200000
1278,4214,2019-11-05,17600000.0,100000
1279,4217,2019-09-05,21787500.0,150000
1280,4217,2019-10-05,43575000.0,300000
1281,4217,2019-11-05,65362500.0,200000
1282,4218,2018-03-05,35013333.33333333,300000
1283,4218,2018-04-05,70026666.66666666,100000
1284,4218,2018-05-05,105039999.99999999,100000
1285,4226,2019-09-05,22522500.0,200000
1286,4226,2019-10-05,45045000.0,100000
1287,4226,2019-11-05,67567500.0,200000
1288,4227,2019-09-05,24850000.0,300000
1289,4227,2019-10-05,49700000.0,150000
1290,4227,2019-11-05,74550000.0,250000
1291,4243,2019-05-05,630000.0,100000
1292,4243,2019-06-05,1260000.0,300000
1293,4243,2019-07-05,1890000.0,200000
1294,4261,2019-09-05,19987500.0,250000
1295,4261,2019-10-05,39975000.0,250000
1296,4261,2019-11-05,59962500.0,150000
1297,4266,2019-09-05,13552500.0,250000
1298,4266,2019-10-05,27105000.0,100000
1299,4266,2019-11-05,40657500.0,100000
1300,4286,2019-09-05,15342500.0,100000
1301,4286,2019-10-05,30685000.0,200000
1302,4286,2019-11-05,46027500.0,150000
1303,4319,2017-07-05,2566666.666666667,200000
1304,4319,2017-08-05,5133333.333333334,150000
1305,4319,2017-09-05,7700000.000000001,100000
1306,4323,2019-05-05,11503333.333333332,150000
1307,4323,2019-06-05,23006666.666666664,300000
1308,4323,2019-07-05,34510000.0,300000
1309,4337,2019-09-05,37806666.66666667,250000
1310,4337,2019-10-05,75613333.33333334,100000
1311,4337,2019-11-05,113420000.00000001,150000
1312,4359,2018-11-05,45325000.0,150000
1313,4359,2018-12-05,90650000.0,250000
1314,4359,2019-01-05,135975000.0,150000
1315,4370,2019-09-05,31071666.666666668,150000
1316,4370,2019-10-05,62143333.333333336,300000
1317,4370,2019-11-05,93215000.0,100000
1318,4374,2019-09-05,12386111.111111112,100000
1319,4374,2019-10-05,24772222.222222224,200000
1320,4374,2019-11-05,37158333.333333336,300000
1321,4398,2018-11-05,84350000.0,200000
1322,4398,2018-12-05,168700000.0,100000
1323,4398,2019-01-05,253050000.0,200000
1324,4404,2019-07-05,79005000.0,150000
1325,4404,2019-08-05,158010000.0,150000
1326,4404,2019-09-05,237015000.0,200000
1327,4416,2018-11-05,18457500.0,100000
1328,4416,2018-12-05,36915000.0,250000
1329,4416,2019-01-05,55372500.0,300000
1330,4433,2019-05-05,1191666.6666666665,100000
1331,4433,2019-06-05,2383333.333333333,200000
1332,4433,2019-07-05,3574999.9999999995,200000
1333,4442,2019-09-05,43403333.33333333,250000
1334,4442,2019-10-05,86806666.66666666,100000
1335,4442,2019-11-05,130209999.99999999,100000
1336,4446,2019-09-05,18250000.0,300000
1337,4446,2019-10-05,36500000.0,200000
1338,4446,2019-11-05,54750000.0,250000
1339,4452,2018-11-05,76786666.66666666,200000
1340,4452,2018-12-05,153573333.3333333,300000
1341,4452,2019-01-05,230359999.99999997,100000
1342,4455,2018-05-05,1060000.0,100000
1343,4455,2018-06-05,2120000.0,200000
1344,4455,2018-07-05,3180000.0,250000
1345,4460,2019-05-05,31882500.0,100000
1346,4460,2019-06-05,63765000.0,300000
1347,4460,2019-07-05,95647500.0,250000
1348,4463,2017-11-05,89743333.33333333,300000
1349,4463,2017-12-05,179486666.66666666,100000
1350,4463,2018-01-05,269230000.0,150000
1351,4471,2017-11-05,56445000.0,200000
1352,4471,2017-12-05,112890000.0,100000
1353,4471,2018-01-05,169335000.0,100000
1354,4480,2019-07-05,32850000.0,100000
1355,4480,2019-08-05,65700000.0,250000
1356,4480,2019-09-05,98550000.0,250000
1357,4495,2019-09-05,24160000.0,200000
1358,4495,2019-10-05,48320000.0,250000
1359,4495,2019-11-05,72480000.0,200000
1360,4504,2019-03-05,46676666.666666664,150000
1361,4504,2019-04-05,93353333.33333333,250000
1362,4504,2019-05-05,140030000.0,300000
1363,4519,2019-09-05,8693333.333333334,300000
1364,4519,2019-10-05,17386666.666666668,200000
1365,4519,2019-11-05,26080000.0,150000
1366,4535,2019-09-05,2345000.0,300000
1367,4535,2019-10-05,4690000.0,250000
1368,4535,2019-11-05,7035000.0,100000
1369,4537,2019-09-05,3588888.888888889,250000
1370,4537,2019-10-05,7177777.777777778,150000
1371,4537,2019-11-05,10766666.666666668,250000
1372,4546,2019-09-05,15871666.666666668,100000
1373,4546,2019-10-05,31743333.333333336,200000
1374,4546,2019-11-05,47615000.0,250000
1375,4551,2019-09-05,3107500.0,100000
1376,4551,2019-10-05,6215000.0,150000
1377,4551,2019-11-05,9322500.0,300000
1378,4552,2019-09-05,14233333.333333332,100000
1379,4552,2019-10-05,28466666.666666664,150000
1380,4552,2019-11-05,42700000.0,100000
1381,4564,2019-09-05,1841666.6666666667,200000
1382,4564,2019-10-05,3683333.3333333335,150000
1383,4564,2019-11-05,5525000.0,250000
1384,4568,2019-09-05,21870000.0,200000
1385,4568,2019-10-05,43740000.0,300000
1386,4568,2019-11-05,65610000.0,250000
1387,4572,2019-09-05,23047500.0,100000
1388,4572,2019-10-05,46095000.0,300000
1389,4572,2019-11-05,69142500.0,150000
1390,4575,2018-03-05,4830000.0,300000
1391,4575,2018-04-05,9660000.0,200000
1392,4575,2018-05-05,14490000.0,300000
